"keyword,status"
"windows11 音が出ない,0"
"windows11 wifi 繋がらない,0"
"windows11 起動しない,0"
"windows11 更新 失敗,0"
"windows11 再起動 繰り返す,0"
"windows11 画面 真っ暗,0"
"windows11 usb 認識しない,0"
"windows11 マイク 認識しない,0"
"windows11 bluetooth 繋がらない,0"
"windows11 スリープ 解除できない,0"
"windows10 音が出ない,0"
"windows10 wifi 繋がらない,0"
"windows10 起動しない,0"
"windows10 更新 終わらない,0"
"windows10 usb 認識しない,0"
"プリンター 認識しない windows11,0"
"マウス 動かない windows11,0"
"キーボード 反応しない windows11,0"
"外付けhdd 認識しない windows11,0"
"webカメラ 映らない windows11,0"
"windows11 初期化 方法,0"
"windows11 セーフモード 起動 方法,0"
"windows11 自動修復 終わらない,0"
"windows11 アプリ 起動しない,0"
"windows11 エクスプローラー 固まる,0"
"windows11 エラーコード 0x800f,0"
"windows11 更新 エラー 0x8007,0"
"windows11 blue screen 対処,0"
"windows11 システム 修復 方法,0"
"windows11 回復 環境 起動 方法,0"